url,company
http://bit.ly/neopronostics,snapchat
https://bit.ly/3gNpgIn,jingus
https://bit.ly/3gNpgIn,jingus
https://bit.ly/3vFmQzO,hellofresh
https://bit.ly/3vFmQzO,hellofresh
https://bit.ly/3h1g6qS,jingus
https://bit.ly/3xK74oC,jingus
https://bit.ly/3gV26jM,rstyle.me
https://bit.ly/3hko1zI,rstyle.me
https://bit.ly/3dkQW5g,rstyle.me
https://bit.ly/3A5GZT2,rstyle.me
https://bit.ly/3y26Nxz,rstyle.me
https://bit.ly/3iotibj,hellofresh.ca
https://bit.ly/3iotibj,hellofresh.ca
https://bit.ly/3iotibj,hellofresh.ca
https://bit.ly/3iotibj,hellofresh.ca
https://bit.ly/MySoulmateDrawing,masterwangdrawings
